FSR_0,FSR_1,FSR_2,FSR_3,FSR_4,FSR_5,FSR_6,FSR_7,Swing time(s),Stride time(s),Swing percentage(%),Stride percentage(%),averageXAngleChange,뇌졸증 여부,,,,,,,,,,,,,,,,,,,,,,,,,,,,,,,,,,,,,,,,,,,
0,226.62,0,463.28,246.7,3904.2,2211.71,0,0,0,0,0,-2.3,0,,,,,,,,,,,,,,,,,,,,,,,,,,,,,,,,,,,,,,,,,,,
0,0,0,517.79,223.75,2799.78,1232.08,0,0,0,0,0,33.02,0,,,,,,,,,,,,,,,,,,,,,,,,,,,,,,,,,,,,,,,,,,,
973.9,3296.05,1860.31,2867.19,296.9,0,0,0,6153,0,0,0,-14.08,0,,,,,,,,,,,,,,,,,,,,,,,,,,,,,,,,,,,,,,,,,,,
0,0,0,152.04,0,2568.86,2099.84,226.89,6153,1028,85.68,14.32,-24.83,0,,,,,,,,,,,,,,,,,,,,,,,,,,,,,,,,,,,,,,,,,,,
0,236.66,0,421.69,358.58,3413.67,2839.94,0,6153,1028,85.68,14.32,7.18,0,,,,,,,,,,,,,,,,,,,,,,,,,,,,,,,,,,,,,,,,,,,
763.05,2175.85,1619.34,1810.1,0,0,0,0,2079,1028,66.91,33.09,0.35,0,,,,,,,,,,,,,,,,,,,,,,,,,,,,,,,,,,,,,,,,,,,
0,210.84,0,295.47,0,2805.52,2195.93,110.71,2079,1043,66.59,33.41,-3.9,0,,,,,,,,,,,,,,,,,,,,,,,,,,,,,,,,,,,,,,,,,,,
1356.86,3570.01,2716.59,2445.51,0,0,0,0,1026,1043,49.59,50.41,-9.36,0,,,,,,,,,,,,,,,,,,,,,,,,,,,,,,,,,,,,,,,,,,,
0,0,0,480.5,0,764.49,243.83,0,1026,1037,49.73,50.27,13.92,0,,,,,,,,,,,,,,,,,,,,,,,,,,,,,,,,,,,,,,,,,,,
1880.39,3798.06,3225.77,737.24,0,0,0,0,1036,1037,49.98,50.02,-2.3,0,,,,,,,,,,,,,,,,,,,,,,,,,,,,,,,,,,,,,,,,,,,
0,0,0,467.59,0,975.33,512.05,0,1036,1039,49.93,50.07,33.02,0,,,,,,,,,,,,,,,,,,,,,,,,,,,,,,,,,,,,,,,,,,,
2074.02,4381.83,2531.56,2887.27,185.03,0,0,0,1025,1039,49.66,50.34,-14.08,0,,,,,,,,,,,,,,,,,,,,,,,,,,,,,,,,,,,,,,,,,,,
0,154.91,0,245.27,0,2974.77,1701.1,176.69,1025,1037,49.71,50.29,-24.83,0,,,,,,,,,,,,,,,,,,,,,,,,,,,,,,,,,,,,,,,,,,,
0,223.75,0,276.82,0,1939.19,357.14,0,1025,1037,49.71,50.29,7.18,0,,,,,,,,,,,,,,,,,,,,,,,,,,,,,,,,,,,,,,,,,,,
831.9,3461,2495.71,3392.15,1431.45,708.55,0,0,2068,1037,66.6,33.4,0.35,0,,,,,,,,,,,,,,,,,,,,,,,,,,,,,,,,,,,,,,,,,,,
0,0,0,261.05,0,0,0,0,2068,1027,66.82,33.18,-3.9,0,,,,,,,,,,,,,,,,,,,,,,,,,,,,,,,,,,,,,,,,,,,
2560.25,3679.01,2969.03,1100.12,0,0,0,0,1028,1027,50.02,49.98,-9.36,0,,,,,,,,,,,,,,,,,,,,,,,,,,,,,,,,,,,,,,,,,,,
0,179.29,0,252.44,0,0,0,0,1028,1038,49.76,50.24,7.12,0,,,,,,,,,,,,,,,,,,,,,,,,,,,,,,,,,,,,,,,,,,,
1904.77,3516.94,3495.42,724.33,0,0,0,0,1040,1038,50.05,49.95,78.94,0,,,,,,,,,,,,,,,,,,,,,,,,,,,,,,,,,,,,,,,,,,,
0,0,0,393,0,1038.44,285.43,0,1040,1024,50.39,49.61,-31.17,0,,,,,,,,,,,,,,,,,,,,,,,,,,,,,,,,,,,,,,,,,,,
1642.29,2705.12,3161.23,464.72,0,0,0,0,1023,1024,49.98,50.02,20.45,0,,,,,,,,,,,,,,,,,,,,,,,,,,,,,,,,,,,,,,,,,,,
0,0,0,339.93,0,2984.81,1873.21,0,1023,1039,49.61,50.39,-58.33,0,,,,,,,,,,,,,,,,,,,,,,,,,,,,,,,,,,,,,,,,,,,
506.31,1632.25,867.76,2178.72,1259.33,3188.48,1399.89,0,1028,1039,49.73,50.27,-40.95,0,,,,,,,,,,,,,,,,,,,,,,,,,,,,,,,,,,,,,,,,,,,
469.02,1650.9,1503.16,1812.97,689.9,2343.67,632.53,0,1028,1039,49.73,50.27,21.71,0,,,,,,,,,,,,,,,,,,,,,,,,,,,,,,,,,,,,,,,,,,,
0,0,0,106.14,0,1252.16,342.8,0,1028,2074,33.14,66.86,7.78,0,,,,,,,,,,,,,,,,,,,,,,,,,,,,,,,,,,,,,,,,,,,
2147.17,3265.93,608.15,1167.53,0,0,0,0,1028,2074,33.14,66.86,2.09,0,,,,,,,,,,,,,,,,,,,,,,,,,,,,,,,,,,,,,,,,,,,
0,248.14,0,411.65,0,347.1,354.28,0,1028,1034,49.85,50.15,29.28,0,,,,,,,,,,,,,,,,,,,,,,,,,,,,,,,,,,,,,,,,,,,
2132.82,2243.27,3323.31,357.14,0,0,0,0,1038,1034,50.1,49.9,39.91,0,,,,,,,,,,,,,,,,,,,,,,,,,,,,,,,,,,,,,,,,,,,
0,0,0,371.49,0,837.64,469.02,0,1038,1043,49.88,50.12,-60.79,0,,,,,,,,,,,,,,,,,,,,,,,,,,,,,,,,,,,,,,,,,,,
1105.86,3286.01,2540.17,1399.89,0,0,0,0,1025,1043,49.56,50.44,22.57,0,,,,,,,,,,,,,,,,,,,,,,,,,,,,,,,,,,,,,,,,,,,
0,692.77,567.99,949.52,595.24,2623.36,1044.18,0,1025,1039,49.66,50.34,-24.78,0,,,,,,,,,,,,,,,,,,,,,,,,,,,,,,,,,,,,,,,,,,,
0,173.55,0,281.13,0,2216.01,864.89,0,1025,1039,49.66,50.34,-6.04,0,,,,,,,,,,,,,,,,,,,,,,,,,,,,,,,,,,,,,,,,,,,
1200.52,2675,2857.15,506.31,0,0,0,0,2063,1039,66.51,33.49,-40.89,0,,,,,,,,,,,,,,,,,,,,,,,,,,,,,,,,,,,,,,,,,,,
0,0,0,380.09,0,903.62,332.76,0,2063,1023,66.85,33.15,50.66,0,,,,,,,,,,,,,,,,,,,,,,,,,,,,,,,,,,,,,,,,,,,
0,433.16,0,520.66,176.42,3389.28,2005.17,0,2063,1023,66.85,33.15,2.69,0,,,,,,,,,,,,,,,,,,,,,,,,,,,,,,,,,,,,,,,,,,,
1623.64,4185.33,2913.09,2025.25,0,0,0,0,2054,1023,66.75,33.25,-4.44,0,,,,,,,,,,,,,,,,,,,,,,,,,,,,,,,,,,,,,,,,,,,
0,219.45,0,566.55,0,1507.46,721.46,0,2054,1013,66.97,33.03,1.98,0,,,,,,,,,,,,,,,,,,,,,,,,,,,,,,,,,,,,,,,,,,,
0,212.28,0,147.73,0,2921.7,1623.64,0,2054,1013,66.97,33.03,-2.85,0,,,,,,,,,,,,,,,,,,,,,,,,,,,,,,,,,,,,,,,,,,,
1331.04,3498.29,2818.43,2023.82,0,0,0,0,2051,1013,66.94,33.06,0.87,0,,,,,,,,,,,,,,,,,,,,,,,,,,,,,,,,,,,,,,,,,,,
0,190.76,0,348.54,0,1480.21,532.13,0,2051,1037,66.42,33.58,1.55,0,,,,,,,,,,,,,,,,,,,,,,,,,,,,,,,,,,,,,,,,,,,
328.46,935.17,276.82,2036.73,905.05,2749.58,988.24,0,1040,1037,50.07,49.93,3.57,0,,,,,,,,,,,,,,,,,,,,,,,,,,,,,,,,,,,,,,,,,,,
1498.86,3919.98,2861.46,2220.32,0,0,0,0,1040,1037,50.07,49.93,14.08,0,,,,,,,,,,,,,,,,,,,,,,,,,,,,,,,,,,,,,,,,,,,
329.89,159.21,2736.67,1517.5,652.61,1692.49,2075.45,126.49,1022,1024,49.95,50.05,-12.49,0,,,,,,,,,,,,,,,,,,,,,,,,,,,,,,,,,,,,,,,,,,,
917.96,1801.5,1856,2497.14,721.46,0,209.41,0,48280,1024,97.92,2.08,0.71,0,,,,,,,,,,,,,,,,,,,,,,,,,,,,,,,,,,,,,,,,,,,
0,0,0,311.25,0,0,207.98,0,48280,1043,97.89,2.11,13.16,0,,,,,,,,,,,,,,,,,,,,,,,,,,,,,,,,,,,,,,,,,,,
1556.23,3149.75,3088.08,2302.07,0,0,0,0,1045,1043,50.05,49.95,-12.09,0,,,,,,,,,,,,,,,,,,,,,,,,,,,,,,,,,,,,,,,,,,,
0,0,0,413.08,0,0,0,0,1045,1029,50.39,49.61,11.36,0,,,,,,,,,,,,,,,,,,,,,,,,,,,,,,,,,,,,,,,,,,,
2772.53,3726.35,2479.93,1913.37,0,0,0,0,1018,1029,49.73,50.27,-16.2,0,,,,,,,,,,,,,,,,,,,,,,,,,,,,,,,,,,,,,,,,,,,
0,0,0,444.64,0,22.95,547.91,254.15,1018,1033,49.63,50.37,1.15,0,,,,,,,,,,,,,,,,,,,,,,,,,,,,,,,,,,,,,,,,,,,
2343.67,3547.06,3075.17,1534.72,0,0,0,0,1022,1033,49.73,50.27,31.93,0,,,,,,,,,,,,,,,,,,,,,,,,,,,,,,,,,,,,,,,,,,,
0,0,0,545.04,0,513.48,1863.17,1451.8,1022,1022,50,50,-30.93,0,,,,,,,,,,,,,,,,,,,,,,,,,,,,,,,,,,,,,,,,,,,
1394.15,3469.6,592.37,2306.38,0,0,0,0,1025,1022,50.07,49.93,1.55,0,,,,,,,,,,,,,,,,,,,,,,,,,,,,,,,,,,,,,,,,,,,
0,592.37,282.56,1203.39,626.8,2391,1253.59,0,1025,1026,49.98,50.02,13.02,0,,,,,,,,,,,,,,,,,,,,,,,,,,,,,,,,,,,,,,,,,,,
0,0,0,111.88,0,470.45,289.73,0,1025,1026,49.98,50.02,-15.25,0,,,,,,,,,,,,,,,,,,,,,,,,,,,,,,,,,,,,,,,,,,,
438.9,1716.87,839.07,2137.13,1279.41,3462.43,2596.11,0,2043,1026,66.57,33.43,1.82,0,,,,,,,,,,,,,,,,,,,,,,,,,,,,,,,,,,,,,,,,,,,
0,0,0,410.21,0,0,0,0,2043,1034,66.4,33.6,-0.42,0,,,,,,,,,,,,,,,,,,,,,,,,,,,,,,,,,,,,,,,,,,,
2340.8,4371.79,2679.3,3506.9,0,0,0,0,1044,1034,50.24,49.76,3.94,0,,,,,,,,,,,,,,,,,,,,,,,,,,,,,,,,,,,,,,,,,,,
0,225.19,0,502.01,0,0,0,0,1044,1036,50.19,49.81,-15.67,0,,,,,,,,,,,,,,,,,,,,,,,,,,,,,,,,,,,,,,,,,,,
2606.15,4308.68,3036.44,2000.87,0,0,0,0,1027,1036,49.78,50.22,30.11,0,,,,,,,,,,,,,,,,,,,,,,,,,,,,,,,,,,,,,,,,,,,
0,202.24,0,496.27,0,14.34,45.9,0,1027,1029,49.95,50.05,-20.31,0,,,,,,,,,,,,,,,,,,,,,,,,,,,,,,,,,,,,,,,,,,,
0,387.26,146.3,1888.99,1861.74,3558.53,3974.48,2975.04,1025,1029,49.9,50.1,28.63,0,,,,,,,,,,,,,,,,,,,,,,,,,,,,,,,,,,,,,,,,,,,
598.11,1078.6,1600.69,2310.68,1465.87,448.94,1450.09,0,131610,1029,99.22,0.78,-21.48,0,,,,,,,,,,,,,,,,,,,,,,,,,,,,,,,,,,,,,,,,,,,
0,0,0,506.31,0,2198.8,2323.59,1600.97,131610,1032,99.22,0.78,-4.01,0,,,,,,,,,,,,,,,,,,,,,,,,,,,,,,,,,,,,,,,,,,,
2422.56,2940.34,2393.87,2086.93,0,0,0,0,1019,1032,49.68,50.32,3.11,0,,,,,,,,,,,,,,,,,,,,,,,,,,,,,,,,,,,,,,,,,,,
0,0,0,447.51,0,950.95,1326.74,707.39,1019,1024,49.88,50.12,-9.51,0,,,,,,,,,,,,,,,,,,,,,,,,,,,,,,,,,,,,,,,,,,,
575.16,1267.93,205.11,3006.32,1547.62,2183.03,1246.42,0,1028,1024,50.1,49.9,34.33,0,,,,,,,,,,,,,,,,,,,,,,,,,,,,,,,,,,,,,,,,,,,
732.93,2773.96,1784.29,3317.57,1270.8,71.72,87.49,0,1028,1024,50.1,49.9,-29.82,0,,,,,,,,,,,,,,,,,,,,,,,,,,,,,,,,,,,,,,,,,,,
0,0,0,608.15,0,596.67,414.52,249.84,1028,2043,33.47,66.53,-1.87,0,,,,,,,,,,,,,,,,,,,,,,,,,,,,,,,,,,,,,,,,,,,
2591.8,3584.35,2580.33,1779.98,0,0,0,0,1028,2043,33.47,66.53,-2.72,0,,,,,,,,,,,,,,,,,,,,,,,,,,,,,,,,,,,,,,,,,,,
0,0,0,579.46,0,3165.53,2226.05,0,1028,1033,49.88,50.12,-7.68,0,,,,,,,,,,,,,,,,,,,,,,,,,,,,,,,,,,,,,,,,,,,
0,0,0,651.18,0,3660.37,2934.61,0,1028,1033,49.88,50.12,39.71,0,,,,,,,,,,,,,,,,,,,,,,,,,,,,,,,,,,,,,,,,,,,
1531.85,3793.76,2538.74,3360.6,0,0,0,0,2060,1033,66.6,33.4,8.92,0,,,,,,,,,,,,,,,,,,,,,,,,,,,,,,,,,,,,,,,,,,,
0,0,0,547.91,0,797.48,405.91,0,2060,1023,66.82,33.18,-48.44,0,,,,,,,,,,,,,,,,,,,,,,,,,,,,,,,,,,,,,,,,,,,
1996.56,4214.01,2666.39,2951.82,150.6,0,0,0,1035,1023,50.29,49.71,11.93,0,,,,,,,,,,,,,,,,,,,,,,,,,,,,,,,,,,,,,,,,,,,
804.65,2554.51,1404.19,2841.38,1088.64,288.3,216.58,0,1035,1023,50.29,49.71,3.77,0,,,,,,,,,,,,,,,,,,,,,,,,,,,,,,,,,,,,,,,,,,,
0,0,0,767.36,0,1649.46,859.15,0,1035,2059,33.45,66.55,-14.04,0,,,,,,,,,,,,,,,,,,,,,,,,,,,,,,,,,,,,,,,,,,,
1812.97,3260.2,2726.63,1636.55,0,0,0,0,1044,2059,33.64,66.36,28.94,0,,,,,,,,,,,,,,,,,,,,,,,,,,,,,,,,,,,,,,,,,,,
268.22,839.07,230.92,1488.82,543.6,2098.4,1580.61,0,1044,2059,33.64,66.36,-25.12,0,,,,,,,,,,,,,,,,,,,,,,,,,,,,,,,,,,,,,,,,,,,
0,0,0,388.7,0,428.86,322.72,0,1044,2046,33.79,66.21,4.24,0,,,,,,,,,,,,,,,,,,,,,,,,,,,,,,,,,,,,,,,,,,,
1812.97,3585.78,3410.8,1147.45,0,0,0,0,1020,2046,33.27,66.73,-3.74,0,,,,,,,,,,,,,,,,,,,,,,,,,,,,,,,,,,,,,,,,,,,
0,0,0,314.11,0,2620.49,2086.93,0,1020,1023,49.93,50.07,-8.94,0,,,,,,,,,,,,,,,,,,,,,,,,,,,,,,,,,,,,,,,,,,,
0,0,0,246.7,0,1708.27,1521.81,0,1020,1023,49.93,50.07,-33.6,0,,,,,,,,,,,,,,,,,,,,,,,,,,,,,,,,,,,,,,,,,,,
2072.58,3696.23,3188.48,1520.37,0,0,0,0,2048,1023,66.69,33.31,39.12,0,,,,,,,,,,,,,,,,,,,,,,,,,,,,,,,,,,,,,,,,,,,
173.55,666.96,279.69,1543.32,583.77,1640.85,612.45,0,2048,1026,66.62,33.38,-1.45,0,,,,,,,,,,,,,,,,,,,,,,,,,,,,,,,,,,,,,,,,,,,
0,192.2,0,417.39,0,1490.25,899.31,0,2048,1026,66.62,33.38,-2.3,0,,,,,,,,,,,,,,,,,,,,,,,,,,,,,,,,,,,,,,,,,,,
2125.65,3706.27,3221.47,1061.39,0,0,0,0,2047,1026,66.61,33.39,33.02,0,,,,,,,,,,,,,,,,,,,,,,,,,,,,,,,,,,,,,,,,,,,
174.99,810.39,649.74,1580.61,532.13,2055.37,847.68,0,2047,1033,66.46,33.54,-14.08,0,,,,,,,,,,,,,,,,,,,,,,,,,,,,,,,,,,,,,,,,,,,
0,0,0,436.03,0,509.18,424.56,0,2047,1033,66.46,33.54,-24.83,0,,,,,,,,,,,,,,,,,,,,,,,,,,,,,,,,,,,,,,,,,,,
0,0,0,388.7,0,428.86,322.72,0,1044,2046,33.79,66.21,7.18,0,,,,,,,,,,,,,,,,,,,,,,,,,,,,,,,,,,,,,,,,,,,
1812.97,3585.78,3410.8,1147.45,0,0,0,0,1020,2046,33.27,66.73,0.35,0,,,,,,,,,,,,,,,,,,,,,,,,,,,,,,,,,,,,,,,,,,,
0,0,0,314.11,0,2620.49,2086.93,0,1020,1023,49.93,50.07,-3.9,0,,,,,,,,,,,,,,,,,,,,,,,,,,,,,,,,,,,,,,,,,,,
0,0,0,246.7,0,1708.27,1521.81,0,1020,1023,49.93,50.07,-9.36,0,,,,,,,,,,,,,,,,,,,,,,,,,,,,,,,,,,,,,,,,,,,
2072.58,3696.23,3188.48,1520.37,0,0,0,0,2048,1023,66.69,33.31,13.92,0,,,,,,,,,,,,,,,,,,,,,,,,,,,,,,,,,,,,,,,,,,,
173.55,666.96,279.69,1543.32,583.77,1640.85,612.45,0,2048,1026,66.62,33.38,-2.3,0,,,,,,,,,,,,,,,,,,,,,,,,,,,,,,,,,,,,,,,,,,,
0,192.2,0,417.39,0,1490.25,899.31,0,2048,1026,66.62,33.38,33.02,0,,,,,,,,,,,,,,,,,,,,,,,,,,,,,,,,,,,,,,,,,,,
2125.65,3706.27,3221.47,1061.39,0,0,0,0,2047,1026,66.61,33.39,-14.08,0,,,,,,,,,,,,,,,,,,,,,,,,,,,,,,,,,,,,,,,,,,,
174.99,810.39,649.74,1580.61,532.13,2055.37,847.68,0,2047,1033,66.46,33.54,-24.83,0,,,,,,,,,,,,,,,,,,,,,,,,,,,,,,,,,,,,,,,,,,,
0,0,0,436.03,0,509.18,424.56,0,2047,1033,66.46,33.54,7.18,0,,,,,,,,,,,,,,,,,,,,,,,,,,,,,,,,,,,,,,,,,,,
2025.25,3739.26,3505.46,1346.82,0,0,0,0,2043,1033,66.42,33.58,0.35,0,,,,,,,,,,,,,,,,,,,,,,,,,,,,,,,,,,,,,,,,,,,
0,0,0,249.57,0,2679.3,1940.63,0,2043,1035,66.37,33.63,-3.9,0,,,,,,,,,,,,,,,,,,,,,,,,,,,,,,,,,,,,,,,,,,,
0,0,0,428.86,0,1666.67,767.36,0,2043,1035,66.37,33.63,-9.36,0,,,,,,,,,,,,,,,,,,,,,,,,,,,,,,,,,,,,,,,,,,,
2271.95,4411.95,3013.49,2773.96,0,0,0,0,2047,1035,66.42,33.58,7.12,0,,,,,,,,,,,,,,,,,,,,,,,,,,,,,,,,,,,,,,,,,,,
0,0,0,377.22,0,2898.75,2098.4,0,2047,1034,66.44,33.56,78.94,0,,,,,,,,,,,,,,,,,,,,,,,,,,,,,,,,,,,,,,,,,,,
437.47,1282.28,773.1,2191.63,831.9,2244.7,1184.74,0,1021,1034,49.68,50.32,-31.17,0,,,,,,,,,,,,,,,,,,,,,,,,,,,,,,,,,,,,,,,,,,,
1490.25,3773.68,2564.55,2867.19,0,0,0,0,1021,1034,49.68,50.32,20.45,0,,,,,,,,,,,,,,,,,,,,,,,,,,,,,,,,,,,,,,,,,,,
0,0,0,506.31,0,1137.41,684.17,137.97,1021,2050,33.25,66.75,-58.33,0,,,,,,,,,,,,,,,,,,,,,,,,,,,,,,,,,,,,,,,,,,,
431.73,1047.05,372.92,2316.42,1300.92,3812.41,3178.44,0,1043,2050,33.72,66.28,-40.95,0,,,,,,,,,,,,,,,,,,,,,,,,,,,,,,,,,,,,,,,,,,,
1295.19,3489.69,2653.48,2693.64,0,0,0,0,1043,2050,33.72,66.28,21.71,0,,,,,,,,,,,,,,,,,,,,,,,,,,,,,,,,,,,,,,,,,,,
0,0,0,375.79,0,1572.01,857.72,0,1043,2063,33.58,66.42,7.78,0,,,,,,,,,,,,,,,,,,,,,,,,,,,,,,,,,,,,,,,,,,,
218.02,820.43,0,2468.45,1184.74,3951.53,2686.47,0,1038,1030,50.19,49.81,2.09,0,,,,,,,,,,,,,,,,,,,,,,,,,,,,,,,,,,,,,,,,,,,
1358.3,3800.93,2669.26,2857.15,0,0,0,0,1029,1030,49.98,50.02,29.28,0,,,,,,,,,,,,,,,,,,,,,,,,,,,,,,,,,,,,,,,,,,,
0,0,0,387.26,0,956.69,371.49,0,1029,1035,49.85,50.15,39.91,0,,,,,,,,,,,,,,,,,,,,,,,,,,,,,,,,,,,,,,,,,,,
1913.37,4300.07,3406.5,2442.64,0,0,0,0,1033,1035,49.95,50.05,-60.79,0,,,,,,,,,,,,,,,,,,,,,,,,,,,,,,,,,,,,,,,,,,,
179.29,753.01,301.21,1775.68,765.92,3098.12,1623.64,0,1033,1032,50.02,49.98,22.57,0,,,,,,,,,,,,,,,,,,,,,,,,,,,,,,,,,,,,,,,,,,,
0,0,0,537.87,0,1732.65,876.37,148.01,1033,1032,50.02,49.98,-24.78,0,,,,,,,,,,,,,,,,,,,,,,,,,,,,,,,,,,,,,,,,,,,
1944.93,4083.49,3257.33,1890.43,0,0,0,0,2045,1032,66.46,33.54,-6.04,0,,,,,,,,,,,,,,,,,,,,,,,,,,,,,,,,,,,,,,,,,,,
0,167.81,0,526.39,0,2408.21,1904.77,169.52,2045,1022,66.68,33.32,-40.89,0,,,,,,,,,,,,,,,,,,,,,,,,,,,,,,,,,,,,,,,,,,,
794.61,2798.35,1659.5,2603.28,417.39,0,0,0,1036,1022,50.34,49.66,50.66,0,,,,,,,,,,,,,,,,,,,,,,,,,,,,,,,,,,,,,,,,,,,
1167.53,3722.04,2742.41,3059.39,0,0,0,0,1036,1022,50.34,49.66,2.69,0,,,,,,,,,,,,,,,,,,,,,,,,,,,,,,,,,,,,,,,,,,,
0,0,0,446.07,0,1739.82,854.85,0,1036,2061,33.45,66.55,-4.44,0,,,,,,,,,,,,,,,,,,,,,,,,,,,,,,,,,,,,,,,,,,,
1381.24,3902.77,2482.8,2314.98,0,0,0,0,1030,2061,33.32,66.68,1.98,0,,,,,,,,,,,,,,,,,,,,,,,,,,,,,,,,,,,,,,,,,,,
926.57,3030.71,2336.5,2494.27,0,0,0,0,1030,2061,33.32,66.68,-2.85,0,,,,,,,,,,,,,,,,,,,,,,,,,,,,,,,,,,,,,,,,,,,
0,174.99,0,453.24,0,1052.79,840.51,216.85,1030,2065,33.28,66.72,0.87,0,,,,,,,,,,,,,,,,,,,,,,,,,,,,,,,,,,,,,,,,,,,
371.49,966.73,431.73,2309.25,1612.17,3944.36,3432.31,0,1019,2065,33.04,66.96,1.55,0,,,,,,,,,,,,,,,,,,,,,,,,,,,,,,,,,,,,,,,,,,,
1579.18,3674.71,2639.14,2260.48,0,0,0,0,1019,2065,33.04,66.96,3.57,0,,,,,,,,,,,,,,,,,,,,,,,,,,,,,,,,,,,,,,,,,,,
0,0,0,499.14,0,2085.49,1627.95,198.21,1019,2055,33.15,66.85,14.08,0,,,,,,,,,,,,,,,,,,,,,,,,,,,,,,,,,,,,,,,,,,,
0,282.56,0,1464.43,709.99,3967.31,3491.12,0,1019,2055,33.15,66.85,-12.49,0,,,,,,,,,,,,,,,,,,,,,,,,,,,,,,,,,,,,,,,,,,,
1973.62,4013.21,2887.27,2683.6,0,0,0,0,2051,2055,49.95,50.05,0.71,0,,,,,,,,,,,,,,,,,,,,,,,,,,,,,,,,,,,,,,,,,,,
0,157.77,0,424.56,0,1828.75,1045.61,195.34,2051,1040,66.35,33.65,13.16,0,,,,,,,,,,,,,,,,,,,,,,,,,,,,,,,,,,,,,,,,,,,
655.48,3281.71,1662.37,3673.28,1018.36,0,0,0,1033,1040,49.83,50.17,-12.09,0,,,,,,,,,,,,,,,,,,,,,,,,,,,,,,,,,,,,,,,,,,,
1590.65,3535.58,2633.4,2197.37,0,0,0,0,1033,1040,49.83,50.17,11.36,0,,,,,,,,,,,,,,,,,,,,,,,,,,,,,,,,,,,,,,,,,,,
0,0,0,456.11,0,1105.86,1032.71,193.9,1033,2077,33.22,66.78,-16.2,0,,,,,,,,,,,,,,,,,,,,,,,,,,,,,,,,,,,,,,,,,,,
0,394.44,0,1323.87,608.15,3052.22,2185.89,0,1033,2077,33.22,66.78,1.15,0,,,,,,,,,,,,,,,,,,,,,,,,,,,,,,,,,,,,,,,,,,,
1821.58,4142.3,2941.78,2784,0,0,0,0,2058,2077,49.77,50.23,31.93,0,,,,,,,,,,,,,,,,,,,,,,,,,,,,,,,,,,,,,,,,,,,
0,0,0,338.5,0,1738.39,820.43,0,2058,1034,66.56,33.44,-30.93,0,,,,,,,,,,,,,,,,,,,,,,,,,,,,,,,,,,,,,,,,,,,
1488.82,3789.46,3290.32,1559.1,0,0,0,0,1028,2053,33.37,66.63,1.55,0,,,,,,,,,,,,,,,,,,,,,,,,,,,,,,,,,,,,,,,,,,,
0,424.56,0,1296.62,480.5,2178.72,1300.92,0,1028,1018,50.24,49.76,13.02,0,,,,,,,,,,,,,,,,,,,,,,,,,,,,,,,,,,,,,,,,,,,0
0,0,0,294.03,0,1435.75,784.57,0,1028,1018,50.24,49.76,-15.25,0,,,,,,,,,,,,,,,,,,,,,,,,,,,,,,,,,,,,,,,,,,,
1706.83,2752.45,2703.68,1104.42,0,0,0,0,2054,1018,66.86,33.14,1.82,0,,,,,,,,,,,,,,,,,,,,,,,,,,,,,,,,,,,,,,,,,,,
0,433.16,0,1051.35,533.56,2804.08,1473.04,0,1027,1040,49.69,50.31,-0.42,0,,,,,,,,,,,,,,,,,,,,,,,,,,,,,,,,,,,,,,,,,,,
0,167.81,0,319.85,0,1564.84,1201.95,0,1027,1040,49.69,50.31,3.94,0,,,,,,,,,,,,,,,,,,,,,,,,,,,,,,,,,,,,,,,,,,,
1880.39,3677.58,3062.26,1500.29,0,0,0,0,2047,1040,66.31,33.69,-15.67,0,,,,,,,,,,,,,,,,,,,,,,,,,,,,,,,,,,,,,,,,,,,
0,0,0,453.24,0,2160.08,1669.54,203.95,2047,1032,66.48,33.52,30.11,0,,,,,,,,,,,,,,,,,,,,,,,,,,,,,,,,,,,,,,,,,,,
1105.86,3103.85,2798.35,1645.16,0,0,0,0,1019,1032,49.68,50.32,-20.31,0,,,,,,,,,,,,,,,,,,,,,,,,,,,,,,,,,,,,,,,,,,,
691.34,2703.68,2046.77,2636.27,791.74,147.73,147.73,0,1019,1032,49.68,50.32,28.63,0,,,,,,,,,,,,,,,,,,,,,,,,,,,,,,,,,,,,,,,,,,,
0,186.46,0,502.01,0,1385.55,991.11,219.72,1019,2060,33.1,66.9,-21.48,0,,,,,,,,,,,,,,,,,,,,,,,,,,,,,,,,,,,,,,,,,,,
2241.83,4285.73,3400.76,2204.54,0,0,0,0,1027,2060,33.27,66.73,-4.01,0,,,,,,,,,,,,,,,,,,,,,,,,,,,,,,,,,,,,,,,,,,,
0,331.33,0,633.97,0,3829.62,3390.72,143.7,1027,1020,50.17,49.83,3.11,0,,,,,,,,,,,,,,,,,,,,,,,,,,,,,,,,,,,,,,,,,,,
0,0,0,262.48,0,3162.66,1926.28,0,1027,1020,50.17,49.83,-9.51,0,,,,,,,,,,,,,,,,,,,,,,,,,,,,,,,,,,,,,,,,,,,
0,197.94,0,464.72,0,1745.56,1035.57,0,2054,1034,66.52,33.48,34.33,0,,,,,,,,,,,,,,,,,,,,,,,,,,,,,,,,,,,,,,,,,,,
0,232.36,0,239.53,0,2868.63,1745.56,0,2054,1034,66.52,33.48,-29.82,0,,,,,,,,,,,,,,,,,,,,,,,,,,,,,,,,,,,,,,,,,,,
712.85,2076.89,1536.15,2464.15,1603.56,3740.69,2743.84,0,2059,1034,66.57,33.43,-1.87,0,,,,,,,,,,,,,,,,,,,,,,,,,,,,,,,,,,,,,,,,,,,
506.31,1791.46,1146.02,2438.33,846.25,827.6,242.4,0,1027,1034,49.83,50.17,-2.72,0,,,,,,,,,,,,,,,,,,,,,,,,,,,,,,,,,,,,,,,,,,,
1550.49,3803.8,2616.19,2715.16,0,0,0,0,1027,1034,49.83,50.17,-7.68,0,,,,,,,,,,,,,,,,,,,,,,,,,,,,,,,,,,,,,,,,,,,
0,0,0,334.2,0,1082.91,565.12,0,1027,2053,33.34,66.66,39.71,0,,,,,,,,,,,,,,,,,,,,,,,,,,,,,,,,,,,,,,,,,,,
1455.83,3902.77,3095.25,2157.21,0,0,0,0,1017,2053,33.13,66.87,8.92,0,,,,,,,,,,,,,,,,,,,,,,,,,,,,,,,,,,,,,,,,,,,
664.09,2497.14,1662.37,2636.27,913.66,0,60.24,0,1017,2053,33.13,66.87,-48.44,0,,,,,,,,,,,,,,,,,,,,,,,,,,,,,,,,,,,,,,,,,,,
0,0,0,347.1,0,839.07,600.98,0,1017,2053,33.13,66.87,11.93,0,,,,,,,,,,,,,,,,,,,,,,,,,,,,,,,,,,,,,,,,,,,
0,517.79,0,1286.58,457.55,3386.41,2442.64,0,1043,2063,33.58,66.42,3.77,0,,,,,,,,,,,,,,,,,,,,,,,,,,,,,,,,,,,,,,,,,,,
1818.71,4076.32,2933.17,2785.44,0,0,0,0,2058,2063,49.94,50.06,-14.04,0,,,,,,,,,,,,,,,,,,,,,,,,,,,,,,,,,,,,,,,,,,,
0,144.87,0,263.91,0,1877.52,816.12,0,2058,1028,66.69,33.31,28.94,0,,,,,,,,,,,,,,,,,,,,,,,,,,,,,,,,,,,,,,,,,,,
0,206.54,0,344.24,0,1583.48,565.12,0,2058,1028,66.69,33.31,-25.12,0,,,,,,,,,,,,,,,,,,,,,,,,,,,,,,,,,,,,,,,,,,,
1835.92,4307.24,3205.69,3592.96,387.26,0,0,0,2054,1028,66.65,33.35,4.24,0,,,,,,,,,,,,,,,,,,,,,,,,,,,,,,,,,,,,,,,,,,,
341.37,1540.45,398.74,2637.7,935.17,2712.29,609.58,0,2054,1028,66.65,33.35,-3.74,0,,,,,,,,,,,,,,,,,,,,,,,,,,,,,,,,,,,,,,,,,,,
279.69,763.05,0,2201.67,775.96,3397.89,1993.7,0,2054,2069,49.82,50.18,-8.94,0,,,,,,,,,,,,,,,,,,,,,,,,,,,,,,,,,,,,,,,,,,,
2025.25,3739.26,3505.46,1346.82,0,0,0,0,2043,1033,66.42,33.58,-33.6,0,,,,,,,,,,,,,,,,,,,,,,,,,,,,,,,,,,,,,,,,,,,
0,0,0,249.57,0,2679.3,1940.63,0,2043,1035,66.37,33.63,39.12,0,,,,,,,,,,,,,,,,,,,,,,,,,,,,,,,,,,,,,,,,,,,
0,0,0,428.86,0,1666.67,767.36,0,2043,1035,66.37,33.63,-1.45,0,,,,,,,,,,,,,,,,,,,,,,,,,,,,,,,,,,,,,,,,,,,
2271.95,4411.95,3013.49,2773.96,0,0,0,0,2047,1035,66.42,33.58,-48.44,0,,,,,,,,,,,,,,,,,,,,,,,,,,,,,,,,,,,,,,,,,,,
0,0,0,377.22,0,2898.75,2098.4,0,2047,1034,66.44,33.56,11.93,0,,,,,,,,,,,,,,,,,,,,,,,,,,,,,,,,,,,,,,,,,,,
437.47,1282.28,773.1,2191.63,831.9,2244.7,1184.74,0,1021,1034,49.68,50.32,3.77,0,,,,,,,,,,,,,,,,,,,,,,,,,,,,,,,,,,,,,,,,,,,
1490.25,3773.68,2564.55,2867.19,0,0,0,0,1021,1034,49.68,50.32,-14.04,0,,,,,,,,,,,,,,,,,,,,,,,,,,,,,,,,,,,,,,,,,,,
2068.28,4400.47,3191.35,2973.33,0,0,0,0,1022,1029,49.83,50.17,28.94,0,,,,,,,,,,,,,,,,,,,,,,,,,,,,,,,,,,,,,,,,,,,
0,190.76,0,413.08,0,2660.65,1528.98,142.27,1022,1042,49.52,50.48,-25.12,0,,,,,,,,,,,,,,,,,,,,,,,,,,,,,,,,,,,,,,,,,,,
209.41,1130.24,552.21,1878.95,1037.01,3595.82,2203.11,0,1020,1042,49.47,50.53,4.24,0,,,,,,,,,,,,,,,,,,,,,,,,,,,,,,,,,,,,,,,,,,,
691.34,2613.32,1576.31,2445.51,1293.75,2553.08,615.32,0,1020,1042,49.47,50.53,-3.74,0,,,,,,,,,,,,,,,,,,,,,,,,,,,,,,,,,,,,,,,,,,,
0,233.79,0,253.87,0,1051.35,242.4,0,1020,2048,33.25,66.75,-8.94,0,,,,,,,,,,,,,,,,,,,,,,,,,,,,,,,,,,,,,,,,,,,
1693.92,3958.71,3222.9,2247.57,0,0,0,0,1023,2048,33.31,66.69,-33.6,0,,,,,,,,,,,,,,,,,,,,,,,,,,,,,,,,,,,,,,,,,,,
0,218.02,0,236.66,0,0,0,0,1023,1031,49.81,50.19,39.12,0,,,,,,,,,,,,,,,,,,,,,,,,,,,,,,,,,,,,,,,,,,,
2082.62,4298.64,3340.52,2442.64,0,0,0,0,1025,1031,49.85,50.15,-1.45,0,,,,,,,,,,,,,,,,,,,,,,,,,,,,,,,,,,,,,,,,,,,
0,446.07,0,629.66,147.73,2158.64,448.94,0,1025,1029,49.9,50.1,39.71,0,,,,,,,,,,,,,,,,,,,,,,,,,,,,,,,,,,,,,,,,,,,
0,177.85,0,101.84,0,1817.28,405.91,0,1025,1029,49.9,50.1,8.92,0,,,,,,,,,,,,,,,,,,,,,,,,,,,,,,,,,,,,,,,,,,,
0,0,0,309.81,0,3052.22,1064.26,0,1025,1029,49.9,50.1,-48.44,0,,,,,,,,,,,,,,,,,,,,,,,,,,,,,,,,,,,,,,,,,,,
0,256.74,0,401.61,0,1012.63,273.95,0,1025,1029,49.9,50.1,11.93,0,,,,,,,,,,,,,,,,,,,,,,,,,,,,,,,,,,,,,,,,,,,
410.21,496.27,887.84,1853.13,691.34,1771.38,0,479.33,1034,1028,50.15,49.85,-0.95,1,,,,,,,,,,,,,,,,,,,,,,,,,,,,,,,,,,,,,,,,,,,
586.63,355.71,2061.11,2016.65,998.28,2233.23,0,627.07,1034,1028,50.15,49.85,5.44,1,,,,,,,,,,,,,,,,,,,,,,,,,,,,,,,,,,,,,,,,,,,
0,0,0,70.28,0,0,0,0,1034,2052,33.51,66.49,-2.48,1,,,,,,,,,,,,,,,,,,,,,,,,,,,,,,,,,,,,,,,,,,,
0,0,152.04,711.42,164.95,63.11,0,107.85,1034,2052,33.51,66.49,1.71,1,,,,,,,,,,,,,,,,,,,,,,,,,,,,,,,,,,,,,,,,,,,
205.11,547.91,877.8,1899.03,823.3,2895.88,0,152.31,2054,2052,50.02,49.98,51.37,1,,,,,,,,,,,,,,,,,,,,,,,,,,,,,,,,,,,,,,,,,,,
1507.46,1699.66,3006.32,2735.24,1158.93,1506.03,0,0,2054,2052,50.02,49.98,-48.3,1,,,,,,,,,,,,,,,,,,,,,,,,,,,,,,,,,,,,,,,,,,,
0,0,0,143.43,0,0,0,0,2054,2056,49.98,50.02,-6.25,1,,,,,,,,,,,,,,,,,,,,,,,,,,,,,,,,,,,,,,,,,,,
0,0,0,423.12,0,0,0,0,2054,2056,49.98,50.02,3.41,1,,,,,,,,,,,,,,,,,,,,,,,,,,,,,,,,,,,,,,,,,,,
451.81,450.37,870.63,1794.33,798.91,2730.93,0,274.23,2055,2056,49.99,50.01,-23.63,1,,,,,,,,,,,,,,,,,,,,,,,,,,,,,,,,,,,,,,,,,,,
470.45,431.73,1524.68,1768.51,1104.42,3716.31,0,1121.91,2055,2056,49.99,50.01,25.82,1,,,,,,,,,,,,,,,,,,,,,,,,,,,,,,,,,,,,,,,,,,,
0,0,0,199.37,0,0,0,0,2055,2056,49.99,50.01,-1.49,1,,,,,,,,,,,,,,,,,,,,,,,,,,,,,,,,,,,,,,,,,,,
417.39,428.86,715.72,1322.44,635.4,2429.73,0,142.27,1029,2056,33.35,66.65,11.72,1,,,,,,,,,,,,,,,,,,,,,,,,,,,,,,,,,,,,,,,,,,,
633.97,1077.17,2756.75,2349.41,1321,2930.3,0,282.83,1029,2056,33.35,66.65,-14.85,1,,,,,,,,,,,,,,,,,,,,,,,,,,,,,,,,,,,,,,,,,,,
0,0,0,225.19,0,0,0,0,1029,2047,33.45,66.55,1.69,1,,,,,,,,,,,,,,,,,,,,,,,,,,,,,,,,,,,,,,,,,,,
0,192.2,466.15,948.08,390.13,2092.66,0,169.52,1029,2047,33.45,66.55,1.6,1,,,,,,,,,,,,,,,,,,,,,,,,,,,,,,,,,,,,,,,,,,,
958.12,1696.79,3297.49,2705.12,1108.72,1375.51,0,0,2045,2047,49.98,50.02,-5.65,1,,,,,,,,,,,,,,,,,,,,,,,,,,,,,,,,,,,,,,,,,,,
0,0,0,156.34,0,0,0,0,2045,1025,66.61,33.39,33.03,1,,,,,,,,,,,,,,,,,,,,,,,,,,,,,,,,,,,,,,,,,,,
0,0,447.51,678.43,0,47.33,0,0,2045,1025,66.61,33.39,-29.98,1,,,,,,,,,,,,,,,,,,,,,,,,,,,,,,,,,,,,,,,,,,,
892.14,1699.66,3499.73,2642.01,791.74,0,0,0,2053,1025,66.7,33.3,-0.45,1,,,,,,,,,,,,,,,,,,,,,,,,,,,,,,,,,,,,,,,,,,,
0,0,0,87.49,0,0,0,0,2053,1019,66.83,33.17,3.1,1,,,,,,,,,,,,,,,,,,,,,,,,,,,,,,,,,,,,,,,,,,,
393,414.52,906.49,1478.78,725.76,2524.39,0,129.36,1029,1019,50.24,49.76,-3.09,1,,,,,,,,,,,,,,,,,,,,,,,,,,,,,,,,,,,,,,,,,,,
251,251,516.35,1005.45,196.5,1065.7,0,0,1029,1019,50.24,49.76,-14.33,1,,,,,,,,,,,,,,,,,,,,,,,,,,,,,,,,,,,,,,,,,,,
0,0,0,192.2,0,0,0,0,1029,2055,33.37,66.63,15.05,1,,,,,,,,,,,,,,,,,,,,,,,,,,,,,,,,,,,,,,,,,,,
618.19,972.46,2274.82,2524.39,1421.41,3370.64,0,426.26,1031,2055,33.41,66.59,0.85,1,,,,,,,,,,,,,,,,,,,,,,,,,,,,,,,,,,,,,,,,,,,
0,0,0,385.83,0,0,0,0,1031,1026,50.12,49.88,-20.52,1,,,,,,,,,,,,,,,,,,,,,,,,,,,,,,,,,,,,,,,,,,,
463.28,578.03,2107.01,2129.96,1404.19,3537.02,0,391.84,1031,1026,50.12,49.88,15.53,1,,,,,,,,,,,,,,,,,,,,,,,,,,,,,,,,,,,,,,,,,,,
212.28,0,285.43,608.15,0,0,0,0,1031,1030,50.02,49.98,5.68,1,,,,,,,,,,,,,,,,,,,,,,,,,,,,,,,,,,,,,,,,,,,
368.62,374.36,522.09,1141.71,628.23,1714.01,0,268.49,1037,1030,50.17,49.83,-0.03,1,,,,,,,,,,,,,,,,,,,,,,,,,,,,,,,,,,,,,,,,,,,
1110.16,1873.21,2639.14,3270.24,1371.2,1091.51,0,0,1037,1030,50.17,49.83,-1.58,1,,,,,,,,,,,,,,,,,,,,,,,,,,,,,,,,,,,,,,,,,,,
0,0,0,398.74,0,0,0,0,1037,2060,33.48,66.52,-0.67,1,,,,,,,,,,,,,,,,,,,,,,,,,,,,,,,,,,,,,,,,,,,
549.34,741.54,1308.09,2492.84,1362.6,3439.48,0,427.7,1035,2060,33.44,66.56,2,1,,,,,,,,,,,,,,,,,,,,,,,,,,,,,,,,,,,,,,,,,,,
0,245.27,226.62,1863.17,694.21,3142.58,0,232.63,1035,1026,50.22,49.78,-5.74,1,,,,,,,,,,,,,,,,,,,,,,,,,,,,,,,,,,,,,,,,,,,
380.09,367.18,635.4,1438.62,170.68,0,0,0,1023,1026,49.93,50.07,7.57,1,,,,,,,,,,,,,,,,,,,,,,,,,,,,,,,,,,,,,,,,,,,
575.16,1041.31,1900.47,2918.83,1517.5,3207.13,0,366.02,1023,1026,49.93,50.07,-17.9,1,,,,,,,,,,,,,,,,,,,,,,,,,,,,,,,,,,,,,,,,,,,
0,0,0,688.47,0,0,0,0,1023,2063,33.15,66.85,19.22,1,,,,,,,,,,,,,,,,,,,,,,,,,,,,,,,,,,,,,,,,,,,
1121.63,2234.66,2977.64,3205.69,1797.2,1820.14,0,0,1031,2063,33.32,66.68,1.01,1,,,,,,,,,,,,,,,,,,,,,,,,,,,,,,,,,,,,,,,,,,,
0,0,0,157.77,0,93.23,0,0,1031,1027,50.1,49.9,5.24,1,,,,,,,,,,,,,,,,,,,,,,,,,,,,,,,,,,,,,,,,,,,
0,0,0,694.21,0,380.09,0,0,1031,1027,50.1,49.9,-4.88,1,,,,,,,,,,,,,,,,,,,,,,,,,,,,,,,,,,,,,,,,,,,
635.4,972.46,2188.76,2389.57,770.23,942.34,0,0,2045,1027,66.57,33.43,-0.06,1,,,,,,,,,,,,,,,,,,,,,,,,,,,,,,,,,,,,,,,,,,,
491.97,764.49,986.81,2555.95,1114.46,3115.33,0,360.29,2045,1027,66.57,33.43,0.24,1,,,,,,,,,,,,,,,,,,,,,,,,,,,,,,,,,,,,,,,,,,,
0,0,0,142,0,124.79,0,0,2045,2050,49.94,50.06,0.16,1,,,,,,,,,,,,,,,,,,,,,,,,,,,,,,,,,,,,,,,,,,,
160.64,196.5,292.6,1343.95,595.24,2511.48,0,350.25,2045,2050,49.94,50.06,0.62,1,,,,,,,,,,,,,,,,,,,,,,,,,,,,,,,,,,,,,,,,,,,
364.32,345.67,1117.33,1475.91,711.42,1781.42,0,123.62,2063,2050,50.16,49.84,-10.14,1,,,,,,,,,,,,,,,,,,,,,,,,,,,,,,,,,,,,,,,,,,,
291.17,0,0,190.76,0,0,0,0,2063,1025,66.81,33.19,6.81,1,,,,,,,,,,,,,,,,,,,,,,,,,,,,,,,,,,,,,,,,,,,
337.06,401.61,1579.18,1019.8,797.48,3293.18,0,202.51,1016,1025,49.78,50.22,-35.38,1,,,,,,,,,,,,,,,,,,,,,,,,,,,,,,,,,,,,,,,,,,,
0,0,276.82,345.67,0,0,0,0,1016,1026,49.76,50.24,35.39,1,,,,,,,,,,,,,,,,,,,,,,,,,,,,,,,,,,,,,,,,,,,
424.56,593.81,2290.6,1501.73,824.73,3115.33,0,156.61,1020,1026,49.85,50.15,-0.88,1,,,,,,,,,,,,,,,,,,,,,,,,,,,,,,,,,,,,,,,,,,,
0,263.91,705.68,473.32,0,0,0,0,1020,1025,49.88,50.12,-0.06,1,,,,,,,,,,,,,,,,,,,,,,,,,,,,,,,,,,,,,,,,,,,
0,0,0,202.24,0,0,0,0,1020,1025,49.88,50.12,-2.38,1,,,,,,,,,,,,,,,,,,,,,,,,,,,,,,,,,,,,,,,,,,,
0,0,0,225.19,0,0,0,0,1029,2047,33.45,66.55,0.72,1,,,,,,,,,,,,,,,,,,,,,,,,,,,,,,,,,,,,,,,,,,,
212.28,0,285.43,608.15,0,0,0,0,1031,1030,50.02,49.98,3.52,1,,,,,,,,,,,,,,,,,,,,,,,,,,,,,,,,,,,,,,,,,,,
368.62,374.36,522.09,1141.71,628.23,1714.01,0,268.49,1037,1030,50.17,49.83,29.93,1,,,,,,,,,,,,,,,,,,,,,,,,,,,,,,,,,,,,,,,,,,,
1110.16,1873.21,2639.14,3270.24,1371.2,1091.51,0,0,1037,1030,50.17,49.83,-32.68,1,,,,,,,,,,,,,,,,,,,,,,,,,,,,,,,,,,,,,,,,,,,
0,0,0,398.74,0,0,0,0,1037,2060,33.48,66.52,-2.64,1,,,,,,,,,,,,,,,,,,,,,,,,,,,,,,,,,,,,,,,,,,,
549.34,741.54,1308.09,2492.84,1362.6,3439.48,0,427.7,1035,2060,33.44,66.56,5.86,1,,,,,,,,,,,,,,,,,,,,,,,,,,,,,,,,,,,,,,,,,,,
0,245.27,226.62,1863.17,694.21,3142.58,0,232.63,1035,1026,50.22,49.78,-1.24,1,,,,,,,,,,,,,,,,,,,,,,,,,,,,,,,,,,,,,,,,,,,
380.09,367.18,635.4,1438.62,170.68,0,0,0,1023,1026,49.93,50.07,6.63,1,,,,,,,,,,,,,,,,,,,,,,,,,,,,,,,,,,,,,,,,,,,
664.09,375.79,1460.13,1615.04,410.21,1267.93,0,106.41,121504,1018,99.17,0.83,-10.55,1,,,,,,,,,,,,,,,,,,,,,,,,,,,,,,,,,,,,,,,,,,,
0,0,314.11,477.63,0,1179.01,0,0,121504,1027,99.16,0.84,-20.46,1,,,,,,,,,,,,,,,,,,,,,,,,,,,,,,,,,,,,,,,,,,,
0,0,0,514.92,0,869.19,0,0,121504,1027,99.16,0.84,25.18,1,,,,,,,,,,,,,,,,,,,,,,,,,,,,,,,,,,,,,,,,,,,
262.48,437.47,899.31,1936.32,1240.68,2385.26,0,3339.35,14440,9290,60.85,39.15,2.86,1,,,,,,,,,,,,,,,,,,,,,,,,,,,,,,,,,,,,,,,,,,,
0,374.36,671.26,2089.8,1791.46,3445.22,0,3967.58,14440,1016,93.43,6.57,-1.17,1,,,,,,,,,,,,,,,,,,,,,,,,,,,,,,,,,,,,,,,,,,,
0,0,0,0,0,0,0,693.05,14440,1016,93.43,6.57,-4.62,1,,,,,,,,,,,,,,,,,,,,,,,,,,,,,,,,,,,,,,,,,,,
0,0,0,306.94,0,0,0,505.15,14440,1016,93.43,6.57,-0.26,1,,,,,,,,,,,,,,,,,,,,,,,,,,,,,,,,,,,,,,,,,,,
329.89,374.36,362.88,1873.21,995.41,2140,0,2950.66,3101,1016,75.32,262.48,17.59,1,,,,,,,,,,,,,,,,,,,,,,,,,,,,,,,,,,,,,,,,,,,
0,374.36,671.26,2089.8,1791.46,3445.22,0,3967.58,14440,1016,93.43,6.57,-17.36,1,,,,,,,,,,,,,,,,,,,,,,,,,,,,,,,,,,,,,,,,,,,
0,0,0,0,0,0,0,693.05,14440,1016,93.43,6.57,5.66,1,,,,,,,,,,,,,,,,,,,,,,,,,,,,,,,,,,,,,,,,,,,
0,0,0,306.94,0,0,0,505.15,14440,1016,93.43,6.57,9.66,1,,,,,,,,,,,,,,,,,,,,,,,,,,,,,,,,,,,,,,,,,,,
329.89,374.36,362.88,1873.21,995.41,2140,0,2950.66,3101,1016,75.32,24.68,-7.91,1,,,,,,,,,,,,,,,,,,,,,,,,,,,,,,,,,,,,,,,,,,,
0,0,0,351.41,0,0,0,1705.67,3101,1025,75.16,24.84,-1.55,1,,,,,,,,,,,,,,,,,,,,,,,,,,,,,,,,,,,,,,,,,,,
0,0,0,565.12,0,0,0,400.45,3101,1025,75.16,24.84,-0.95,1,,,,,,,,,,,,,,,,,,,,,,,,,,,,,,,,,,,,,,,,,,,
496.27,831.9,1455.83,1979.35,1059.96,2294.9,0,3065.4,2066,1025,66.84,33.16,5.44,1,,,,,,,,,,,,,,,,,,,,,,,,,,,,,,,,,,,,,,,,,,,
0,0,0,53.07,0,0,0,0,2066,1026,66.82,33.18,-2.48,1,,,,,,,,,,,,,,,,,,,,,,,,,,,,,,,,,,,,,,,,,,,
322.72,271.09,1019.8,1378.38,929.44,2924.57,0,2976.47,1048,1040,50.19,49.81,1.71,1,,,,,,,,,,,,,,,,,,,,,,,,,,,,,,,,,,,,,,,,,,,
0,0,0,123.35,0,0,0,0,1048,1033,50.36,49.64,51.37,1,,,,,,,,,,,,,,,,,,,,,,,,,,,,,,,,,,,,,,,,,,,
15.95,530.7,850.55,1544.76,1052.79,3895.6,0,892.42,2057,1020,66.85,33.15,-48.3,1,,,,,,,,,,,,,,,,,,,,,,,,,,,,,,,,,,,,,,,,,,,
0,0,0,0,0,0,0,0,2057,1027,66.7,33.3,-6.25,1,,,,,,,,,,,,,,,,,,,,,,,,,,,,,,,,,,,,,,,,,,,
533.56,517.79,1848.83,1920.55,1428.58,3551.36,0,351.68,1025,1027,49.95,50.05,3.41,1,,,,,,,,,,,,,,,,,,,,,,,,,,,,,,,,,,,,,,,,,,,
0,0,0,0,0,0,0,0,1025,1032,49.83,50.17,-23.63,1,,,,,,,,,,,,,,,,,,,,,,,,,,,,,,,,,,,,,,,,,,,
464.72,609.58,1844.53,1409.93,1022.67,3455.26,0,423.4,1028,1031,49.93,50.07,25.82,1,,,,,,,,,,,,,,,,,,,,,,,,,,,,,,,,,,,,,,,,,,,
0,0,0,291.17,0,0,0,0,1028,2064,33.25,66.75,-1.49,1,,,,,,,,,,,,,,,,,,,,,,,,,,,,,,,,,,,,,,,,,,,
352.84,589.5,648.31,1375.51,960.99,3815.27,0,585.47,22580,1026,95.65,4.35,11.72,1,,,,,,,,,,,,,,,,,,,,,,,,,,,,,,,,,,,,,,,,,,,
176.42,315.55,403.04,1151.75,602.41,3092.38,0,361.72,22580,1040,95.6,4.4,-14.85,1,,,,,,,,,,,,,,,,,,,,,,,,,,,,,,,,,,,,,,,,,,,
172.12,232.36,243.83,1012.63,672.69,2663.52,0,235.5,22580,1040,95.6,4.4,1.69,1,,,,,,,,,,,,,,,,,,,,,,,,,,,,,,,,,,,,,,,,,,,
368.62,562.25,1498.86,1874.65,1214.86,3712,0,416.22,2050,1040,66.34,33.66,1.6,1,,,,,,,,,,,,,,,,,,,,,,,,,,,,,,,,,,,,,,,,,,,
441.77,579.46,1516.07,2302.07,1353.99,3786.59,0,351.68,2050,1040,66.34,33.66,-5.65,1,,,,,,,,,,,,,,,,,,,,,,,,,,,,,,,,,,,,,,,,,,,
0,0,299.77,747.28,0,2151.47,0,0,2050,2070,49.76,50.24,33.03,1,,,,,,,,,,,,,,,,,,,,,,,,,,,,,,,,,,,,,,,,,,,
251,430.29,555.08,1412.8,877.8,3638.85,0,466.42,1040,2070,33.44,66.56,-29.98,1,,,,,,,,,,,,,,,,,,,,,,,,,,,,,,,,,,,,,,,,,,,
0,0,203.67,945.21,240.96,2340.8,0,0,1040,1031,50.22,49.78,-0.45,1,,,,,,,,,,,,,,,,,,,,,,,,,,,,,,,,,,,,,,,,,,,
0,0,288.3,570.86,167.81,572.29,0,0,1040,1031,50.22,49.78,3.1,1,,,,,,,,,,,,,,,,,,,,,,,,,,,,,,,,,,,,,,,,,,,
536.43,699.95,1668.11,2477.06,1824.45,3991.7,0,407.62,2052,1031,66.56,33.44,-3.09,1,,,,,,,,,,,,,,,,,,,,,,,,,,,,,,,,,,,,,,,,,,,
0,0,0,337.06,0,1.43,0,0,2052,1028,66.62,33.38,-14.33,1,,,,,,,,,,,,,,,,,,,,,,,,,,,,,,,,,,,,,,,,,,,
0,0,215.15,635.4,177.85,681.3,0,0,2052,1028,66.62,33.38,15.05,1,,,,,,,,,,,,,,,,,,,,,,,,,,,,,,,,,,,,,,,,,,,
0,0,0,316.98,0,0,0,0,2039,2070,49.62,50.38,0.85,1,,,,,,,,,,,,,,,,,,,,,,,,,,,,,,,,,,,,,,,,,,,
150.6,352.84,186.46,2164.38,1670.98,3957.27,0,515.19,2039,2070,49.62,50.38,-20.52,1,,,,,,,,,,,,,,,,,,,,,,,,,,,,,,,,,,,,,,,,,,,
0,0,0,662.65,0,0,0,0,2039,2070,49.62,50.38,15.53,1,,,,,,,,,,,,,,,,,,,,,,,,,,,,,,,,,,,,,,,,,,,
0,278.26,384.4,2207.41,1379.81,3528.41,0,426.26,2039,2070,49.62,50.38,5.68,1,,,,,,,,,,,,,,,,,,,,,,,,,,,,,,,,,,,,,,,,,,,
0,473.32,368.62,4416.25,3955.84,3337.65,0,0,2039,2070,49.62,50.38,-0.03,1,,,,,,,,,,,,,,,,,,,,,,,,,,,,,,,,,,,,,,,,,,,
0,0,0,1605,202.24,0,0,0,2039,2070,49.62,50.38,-1.58,1,,,,,,,,,,,,,,,,,,,,,,,,,,,,,,,,,,,,,,,,,,,
305.51,540.74,2144.3,1728.35,513.48,3443.79,0,401.88,6180,2070,74.91,25.09,-0.67,1,,,,,,,,,,,,,,,,,,,,,,,,,,,,,,,,,,,,,,,,,,,
312.68,331.33,2386.7,919.4,163.51,2181.59,0,224.03,6180,2070,74.91,25.09,2,1,,,,,,,,,,,,,,,,,,,,,,,,,,,,,,,,,,,,,,,,,,,
0,0,275.39,352.84,0,0,0,0,6180,2059,75.01,24.99,-5.74,1,,,,,,,,,,,,,,,,,,,,,,,,,,,,,,,,,,,,,,,,,,,
413.08,689.9,1874.65,2138.56,1356.86,3780.85,0,849.39,1017,2059,33.06,66.94,7.57,1,,,,,,,,,,,,,,,,,,,,,,,,,,,,,,,,,,,,,,,,,,,
0,0,238.1,318.42,0,0,0,0,1017,1028,49.73,50.27,-17.9,1,,,,,,,,,,,,,,,,,,,,,,,,,,,,,,,,,,,,,,,,,,,
430.29,529.26,1742.69,1913.37,979.64,3346.25,0,394.71,1031,1028,50.07,49.93,19.22,1,,,,,,,,,,,,,,,,,,,,,,,,,,,,,,,,,,,,,,,,,,,
401.61,583.77,2224.62,2263.35,1368.34,3359.16,0,530.97,1031,1028,50.07,49.93,1.01,1,,,,,,,,,,,,,,,,,,,,,,,,,,,,,,,,,,,,,,,,,,,
0,0,0,296.9,0,0,0,0,1031,2060,33.35,66.65,5.24,1,,,,,,,,,,,,,,,,,,,,,,,,,,,,,,,,,,,,,,,,,,,
170.68,187.9,390.13,1255.02,813.26,2831.34,0,192.47,1031,2060,33.35,66.65,-4.88,1,,,,,,,,,,,,,,,,,,,,,,,,,,,,,,,,,,,,,,,,,,,
220.88,519.22,411.65,2438.33,1967.88,4201.1,0,561.09,2072,1028,66.84,33.16,-0.06,1,,,,,,,,,,,,,,,,,,,,,,,,,,,,,,,,,,,,,,,,,,,
0,0,0,262.48,0,0,0,0,2072,1041,66.56,33.44,0.24,1,,,,,,,,,,,,,,,,,,,,,,,,,,,,,,,,,,,,,,,,,,,
352.84,421.69,474.76,1559.1,1019.8,3492.55,0,417.66,1022,1041,49.54,50.46,0.16,1,,,,,,,,,,,,,,,,,,,,,,,,,,,,,,,,,,,,,,,,,,,
355.71,385.83,737.24,1309.53,1044.18,3661.8,0,449.21,1026,2064,33.2,66.8,0.62,1,,,,,,,,,,,,,,,,,,,,,,,,,,,,,,,,,,,,,,,,,,,
216.58,288.3,1975.05,824.73,765.92,3710.57,0,452.08,1026,2064,33.2,66.8,-10.14,1,,,,,,,,,,,,,,,,,,,,,,,,,,,,,,,,,,,,,,,,,,,
0,0,0,408.78,0,304.07,0,0,1026,2056,33.29,66.71,6.81,1,,,,,,,,,,,,,,,,,,,,,,,,,,,,,,,,,,,,,,,,,,,
499.14,662.65,2151.47,1986.52,1547.62,3747.86,0,447.78,1021,2056,33.18,66.82,-35.38,1,,,,,,,,,,,,,,,,,,,,,,,,,,,,,,,,,,,,,,,,,,,
0,0,0,0,0,127.65,0,0,1021,1026,49.88,50.12,35.39,1,,,,,,,,,,,,,,,,,,,,,,,,,,,,,,,,,,,,,,,,,,,
636.84,892.14,2491.4,2413.95,1365.47,2600.41,0,0,1041,1032,50.22,49.78,-0.88,1,,,,,,,,,,,,,,,,,,,,,,,,,,,,,,,,,,,,,,,,,,,
0,0,0,174.99,0,0,0,0,1041,1023,50.44,49.56,-0.06,1,,,,,,,,,,,,,,,,,,,,,,,,,,,,,,,,,,,,,,,,,,,
370.05,557.95,930.87,1547.62,992.55,3734.95,0,367.46,1034,1023,50.27,49.73,-2.38,1,,,,,,,,,,,,,,,,,,,,,,,,,,,,,,,,,,,,,,,,,,,
0,0,0,0,0,0,0,0,1034,1025,50.22,49.78,0.72,1,,,,,,,,,,,,,,,,,,,,,,,,,,,,,,,,,,,,,,,,,,,
365.75,408.78,754.45,1365.47,857.72,3729.22,0,538.14,1020,1025,49.88,50.12,3.52,1,,,,,,,,,,,,,,,,,,,,,,,,,,,,,,,,,,,,,,,,,,,
0,0,146.3,451.81,0,1230.64,0,0,1020,1021,49.98,50.02,29.93,1,,,,,,,,,,,,,,,,,,,,,,,,,,,,,,,,,,,,,,,,,,,
238.1,258.18,428.86,1015.49,675.56,2956.12,0,374.63,1017,1021,49.9,50.1,-32.68,1,,,,,,,,,,,,,,,,,,,,,,,,,,,,,,,,,,,,,,,,,,,
0,0,236.66,444.64,0,1224.9,0,0,1017,1031,49.66,50.34,-2.64,1,,,,,,,,,,,,,,,,,,,,,,,,,,,,,,,,,,,,,,,,,,,
288.3,428.86,476.19,827.6,709.99,3224.34,0,401.88,1028,1031,49.93,50.07,5.86,1,,,,,,,,,,,,,,,,,,,,,,,,,,,,,,,,,,,,,,,,,,,
367.18,638.27,1295.19,1840.22,1174.7,3240.11,0,3266.2,1022,1033,49.73,50.27,-1.24,1,,,,,,,,,,,,,,,,,,,,,,,,,,,,,,,,,,,,,,,,,,,
0,167.81,0,504.88,0,0,0,321.56,1022,1034,49.71,50.29,6.63,1,,,,,,,,,,,,,,,,,,,,,,,,,,,,,,,,,,,,,,,,,,,
365.75,622.49,1495.99,1901.9,900.75,2630.53,0,2602.12,1037,1034,50.07,49.93,-10.55,1,,,,,,,,,,,,,,,,,,,,,,,,,,,,,,,,,,,,,,,,,,,
302.64,347.1,202.24,1121.63,866.33,2422.56,0,2685.31,1037,1034,50.07,49.93,-20.46,1,,,,,,,,,,,,,,,,,,,,,,,,,,,,,,,,,,,,,,,,,,,
266.78,347.1,414.52,1507.46,1087.21,3288.88,0,3541.59,1037,1034,50.07,49.93,25.18,1,,,,,,,,,,,,,,,,,,,,,,,,,,,,,,,,,,,,,,,,,,,
282.56,285.43,223.75,1461.57,1144.58,2980.5,0,2979.34,1037,1034,50.07,49.93,2.86,1,,,,,,,,,,,,,,,,,,,,,,,,,,,,,,,,,,,,,,,,,,,
324.15,294.03,870.63,1821.58,1249.29,2849.98,0,2768.5,1037,1034,50.07,49.93,-1.17,1,,,,,,,,,,,,,,,,,,,,,,,,,,,,,,,,,,,,,,,,,,,
0,324.15,0,1705.4,0,0,0,0,1037,5141,16.79,83.21,-4.62,1,,,,,,,,,,,,,,,,,,,,,,,,,,,,,,,,,,,,,,,,,,,
312.68,415.95,915.09,1605,956.69,2914.53,0,3521.51,1027,1026,50.02,49.98,-0.26,1,,,,,,,,,,,,,,,,,,,,,,,,,,,,,,,,,,,,,,,,,,,
0,0,0,0,0,0,0,0,1027,1024,50.07,49.93,17.59,1,,,,,,,,,,,,,,,,,,,,,,,,,,,,,,,,,,,,,,,,,,,
222.32,197.94,195.07,920.83,535,788.87,0,1884.96,1027,1024,50.07,49.93,-17.36,1,,,,,,,,,,,,,,,,,,,,,,,,,,,,,,,,,,,,,,,,,,,
401.61,494.84,879.23,1775.68,966.73,2738.1,0,3287.72,2083,1024,67.04,32.96,5.66,1,,,,,,,,,,,,,,,,,,,,,,,,,,,,,,,,,,,,,,,,,,,
0,0,0,415.95,0,0,0,397.58,2083,1023,67.06,32.94,9.66,1,,,,,,,,,,,,,,,,,,,,,,,,,,,,,,,,,,,,,,,,,,,
0,0,0,351.41,0,0,0,1705.67,3101,1025,75.16,24.84,-7.91,1,,,,,,,,,,,,,,,,,,,,,,,,,,,,,,,,,,,,,,,,,,,
0,0,0,565.12,0,0,0,400.45,3101,1025,75.16,24.84,-1.55,1,,,,,,,,,,,,,,,,,,,,,,,,,,,,,,,,,,,,,,,,,,,
496.27,831.9,1455.83,1979.35,1059.96,2294.9,0,3065.4,2066,1025,66.84,33.16,-0.95,1,,,,,,,,,,,,,,,,,,,,,,,,,,,,,,,,,,,,,,,,,,,
0,0,0,53.07,0,0,0,0,2066,1026,66.82,33.18,5.44,1,,,,,,,,,,,,,,,,,,,,,,,,,,,,,,,,,,,,,,,,,,,
312.68,415.95,915.09,1605,956.69,2914.53,0,3521.51,1027,1026,50.02,49.98,-2.48,1,,,,,,,,,,,,,,,,,,,,,,,,,,,,,,,,,,,,,,,,,,,
0,0,0,0,0,0,0,0,1027,1024,50.07,49.93,1.71,1,,,,,,,,,,,,,,,,,,,,,,,,,,,,,,,,,,,,,,,,,,,
222.32,197.94,195.07,920.83,535,788.87,0,1884.96,1027,1024,50.07,49.93,51.37,1,,,,,,,,,,,,,,,,,,,,,,,,,,,,,,,,,,,,,,,,,,,
401.61,494.84,879.23,1775.68,966.73,2738.1,0,3287.72,2083,1024,67.04,32.96,-48.3,1,,,,,,,,,,,,,,,,,,,,,,,,,,,,,,,,,,,,,,,,,,,
0,0,0,415.95,0,0,0,397.58,2083,1023,67.06,32.94,-6.25,1,,,,,,,,,,,,,,,,,,,,,,,,,,,,,,,,,,,,,,,,,,,
0,0,239.53,566.55,0,64.54,0,0,121504,1027,99.16,0.84,3.41,1,,,,,,,,,,,,,,,,,,,,,,,,,,,,,,,,,,,,,,,,,,,
533.56,745.84,1738.39,2006.6,1108.72,3809.54,0,239.8,4095,1027,79.95,20.05,-23.63,1,,,,,,,,,,,,,,,,,,,,,,,,,,,,,,,,,,,,,,,,,,,
0,0,0,289.73,0,0,0,0,4095,1027,79.95,20.05,25.82,1,,,,,,,,,,,,,,,,,,,,,,,,,,,,,,,,,,,,,,,,,,,
496.27,847.68,2022.38,2217.45,1170.4,3407.93,0,0,1029,1027,50.05,49.95,-1.49,1,,,,,,,,,,,,,,,,,,,,,,,,,,,,,,,,,,,,,,,,,,,
213.71,316.98,481.93,1777.11,818.99,3571.44,0,175.26,1029,1027,50.05,49.95,11.72,1,,,,,,,,,,,,,,,,,,,,,,,,,,,,,,,,,,,,,,,,,,,
269.65,384.4,600.98,1612.17,833.34,3726.35,0,0,1029,1027,50.05,49.95,-14.85,1,,,,,,,,,,,,,,,,,,,,,,,,,,,,,,,,,,,,,,,,,,,
575.16,1041.31,1900.47,2918.83,1517.5,3207.13,0,366.02,1023,1026,49.93,50.07,1.69,1,,,,,,,,,,,,,,,,,,,,,,,,,,,,,,,,,,,,,,,,,,,
0,0,0,688.47,0,0,0,0,1023,2063,33.15,66.85,1.6,1,,,,,,,,,,,,,,,,,,,,,,,,,,,,,,,,,,,,,,,,,,,
1121.63,2234.66,2977.64,3205.69,1797.2,1820.14,0,0,1031,2063,33.32,66.68,-5.65,1,,,,,,,,,,,,,,,,,,,,,,,,,,,,,,,,,,,,,,,,,,,
0,0,0,157.77,0,93.23,0,0,1031,1027,50.1,49.9,33.03,1,,,,,,,,,,,,,,,,,,,,,,,,,,,,,,,,,,,,,,,,,,,
0,0,0,694.21,0,380.09,0,0,1031,1027,50.1,49.9,-29.98,1,,,,,,,,,,,,,,,,,,,,,,,,,,,,,,,,,,,,,,,,,,,
635.4,972.46,2188.76,2389.57,770.23,942.34,0,0,2045,1027,66.57,33.43,-0.45,1,,,,,,,,,,,,,,,,,,,,,,,,,,,,,,,,,,,,,,,,,,,
491.97,764.49,986.81,2555.95,1114.46,3115.33,0,360.29,2045,1027,66.57,33.43,3.1,1,,,,,,,,,,,,,,,,,,,,,,,,,,,,,,,,,,,,,,,,,,,
0,192.2,466.15,948.08,390.13,2092.66,0,169.52,1029,2047,33.45,66.55,-3.09,1,,,,,,,,,,,,,,,,,,,,,,,,,,,,,,,,,,,,,,,,,,,
958.12,1696.79,3297.49,2705.12,1108.72,1375.51,0,0,2045,2047,49.98,50.02,-14.33,1,,,,,,,,,,,,,,,,,,,,,,,,,,,,,,,,,,,,,,,,,,,
0,0,0,156.34,0,0,0,0,2045,1025,66.61,33.39,15.05,1,,,,,,,,,,,,,,,,,,,,,,,,,,,,,,,,,,,,,,,,,,,
0,0,447.51,678.43,0,47.33,0,0,2045,1025,66.61,33.39,0.85,1,,,,,,,,,,,,,,,,,,,,,,,,,,,,,,,,,,,,,,,,,,,
0,0,0,691.34,0,0,0,0,1031,2060,33.35,66.65,-20.52,1,,,,,,,,,,,,,,,,,,,,,,,,,,,,,,,,,,,,,,,,,,,
427.43,684.17,1876.08,2190.2,1422.84,3720.61,0,575.43,23662,2060,91.99,8.01,15.53,1,,,,,,,,,,,,,,,,,,,,,,,,,,,,,,,,,,,,,,,,,,,
0,0,0,192.2,0,0,0,0,23662,1027,95.84,4.16,5.68,1,,,,,,,,,,,,,,,,,,,,,,,,,,,,,,,,,,,,,,,,,,,
0,0,0,377.22,0,0,0,0,23662,1027,95.84,4.16,-0.03,1,,,,,,,,,,,,,,,,,,,,,,,,,,,,,,,,,,,,,,,,,,,
329.89,639.7,794.61,1563.4,889.27,3694.79,0,716,2055,1027,66.68,33.32,-1.58,1,,,,,,,,,,,,,,,,,,,,,,,,,,,,,,,,,,,,,,,,,,,
206.54,324.15,434.6,1179.01,374.36,2862.89,0,234.07,2055,1027,66.68,33.32,-0.67,1,,,,,,,,,,,,,,,,,,,,,,,,,,,,,,,,,,,,,,,,,,,
0,0,0,304.07,0,0,0,0,2055,2064,49.89,50.11,2,1,,,,,,,,,,,,,,,,,,,,,,,,,,,,,,,,,,,,,,,,,,,
309.81,524.96,526.39,1576.31,896.45,3663.24,0,627.07,1035,2064,33.4,66.6,-5.74,1,,,,,,,,,,,,,,,,,,,,,,,,,,,,,,,,,,,,,,,,,,,
185.03,0,0,1054.22,411.65,2238.96,0,0,1035,1041,49.86,50.14,7.57,1,,,,,,,,,,,,,,,,,,,,,,,,,,,,,,,,,,,,,,,,,,,
0,0,0,316.98,0,0,0,0,1035,1041,49.86,50.14,-17.9,1,,,,,,,,,,,,,,,,,,,,,,,,,,,,,,,,,,,,,,,,,,,
463.28,654.05,1349.69,1705.4,956.69,3813.84,0,705.95,2064,1041,66.47,33.53,19.22,1,,,,,,,,,,,,,,,,,,,,,,,,,,,,,,,,,,,,,,,,,,,
0,0,0,261.05,0,0,0,0,2064,1030,66.71,33.29,1.01,1,,,,,,,,,,,,,,,,,,,,,,,,,,,,,,,,,,,,,,,,,,,
0,0,156.34,457.55,0,0,0,0,2064,1030,66.71,33.29,5.24,1,,,,,,,,,,,,,,,,,,,,,,,,,,,,,,,,,,,,,,,,,,,
509.18,550.78,1166.1,2081.19,1289.45,3907.07,0,516.63,2036,1019,66.64,33.36,-4.88,1,,,,,,,,,,,,,,,,,,,,,,,,,,,,,,,,,,,,,,,,,,,
0,0,0,306.94,0,0,0,0,2036,1030,66.41,33.59,-0.06,1,,,,,,,,,,,,,,,,,,,,,,,,,,,,,,,,,,,,,,,,,,,
0,150.6,384.4,823.3,375.79,1801.5,0,125.06,2036,1030,66.41,33.59,0.24,1,,,,,,,,,,,,,,,,,,,,,,,,,,,,,,,,,,,,,,,,,,,
552.21,563.69,1259.33,1825.88,1025.53,3994.56,0,660.06,2053,1030,66.59,33.41,0.16,1,,,,,,,,,,,,,,,,,,,,,,,,,,,,,,,,,,,,,,,,,,,
0,0,0,358.58,0,0,0,0,2053,1035,66.48,33.52,0.62,1,,,,,,,,,,,,,,,,,,,,,,,,,,,,,,,,,,,,,,,,,,,
360.01,609.58,753.01,1579.18,1170.4,3800.93,0,614.16,1024,1035,49.73,50.27,-10.14,1,,,,,,,,,,,,,,,,,,,,,,,,,,,,,,,,,,,,,,,,,,,
0,0,0,258.18,0,0,0,0,1024,1035,49.73,50.27,6.81,1,,,,,,,,,,,,,,,,,,,,,,,,,,,,,,,,,,,,,,,,,,,
0,0,167.81,477.63,0,152.04,0,0,1024,1035,49.73,50.27,-35.38,1,,,,,,,,,,,,,,,,,,,,,,,,,,,,,,,,,,,,,,,,,,,
441.77,606.71,1171.83,2226.05,1471.61,4000.3,0,773.37,2075,1035,66.72,33.28,35.39,1,,,,,,,,,,,,,,,,,,,,,,,,,,,,,,,,,,,,,,,,,,,
0,0,0,354.28,0,0,0,0,2075,1033,66.76,33.24,-0.88,1,,,,,,,,,,,,,,,,,,,,,,,,,,,,,,,,,,,,,,,,,,,
365.75,545.04,1100.12,2119.92,1417.1,4021.82,0,870.9,2052,1030,66.58,33.42,-0.06,1,,,,,,,,,,,,,,,,,,,,,,,,,,,,,,,,,,,,,,,,,,,
0,0,0,232.36,0,0,0,0,2052,1019,66.82,33.18,-2.38,1,,,,,,,,,,,,,,,,,,,,,,,,,,,,,,,,,,,,,,,,,,,
0,0,0,542.17,0,154.91,0,0,2052,1019,66.82,33.18,0.72,1,,,,,,,,,,,,,,,,,,,,,,,,,,,,,,,,,,,,,,,,,,,
892.14,1699.66,3499.73,2642.01,791.74,0,0,0,2053,1025,66.7,33.3,3.52,1,,,,,,,,,,,,,,,,,,,,,,,,,,,,,,,,,,,,,,,,,,,
0,0,0,87.49,0,0,0,0,2053,1019,66.83,33.17,29.93,1,,,,,,,,,,,,,,,,,,,,,,,,,,,,,,,,,,,,,,,,,,,
393,414.52,906.49,1478.78,725.76,2524.39,0,129.36,1029,1019,50.24,49.76,-32.68,1,,,,,,,,,,,,,,,,,,,,,,,,,,,,,,,,,,,,,,,,,,,
251,251,516.35,1005.45,196.5,1065.7,0,0,1029,1019,50.24,49.76,-2.64,1,,,,,,,,,,,,,,,,,,,,,,,,,,,,,,,,,,,,,,,,,,,
0,0,0,192.2,0,0,0,0,1029,2055,33.37,66.63,5.86,1,,,,,,,,,,,,,,,,,,,,,,,,,,,,,,,,,,,,,,,,,,,
618.19,972.46,2274.82,2524.39,1421.41,3370.64,0,426.26,1031,2055,33.41,66.59,-1.24,1,,,,,,,,,,,,,,,,,,,,,,,,,,,,,,,,,,,,,,,,,,,
